{"learner":{"attributes":{"scikit_learn":"{\"n_estimators\": 10, \"objective\": \"binary:logistic\", \"max_depth\": 5, \"learning_rate\": 0.1, \"verbosity\": null, \"booster\": null, \"tree_method\": null, \"gamma\": null, \"min_child_weight\": null, \"max_delta_step\": null, \"subsample\": null, \"colsample_bytree\": 0.5, \"colsample_bylevel\": null, \"colsample_bynode\": null, \"reg_alpha\": null, \"reg_lambda\": null, \"scale_pos_weight\": null, \"base_score\": null, \"missing\": NaN, \"num_parallel_tree\": null, \"kwargs\": {\"alpha\": 10}, \"random_state\": null, \"n_jobs\": null, \"monotone_constraints\": null, \"interaction_constraints\": null, \"importance_type\": \"gain\", \"gpu_id\": null, \"validate_parameters\": null, \"_estimator_type\": \"regressor\"}"},"feature_names":["Rent","Base","Grace_Period","Legal_Rent","Deposit","Months_Occupied","Roommates-Y","ACH-Y"],"feature_types":["float","float","int","float","float","int","int","int"],"gradient_booster":{"model":{"gbtree_model_param":{"num_trees":"10","size_leaf_vector":"0"},"tree_info":[0,0,0,0,0,0,0,0,0,0],"trees":[{"base_weights":[-6.522759E-1,4.8859936E-1,-1.5485997E0,-1.0285715E0,1.4782609E0,2.0472442E-1,-1.7836847E0,-1.709091E0,-0E0,1.6687899E0,2.2222222E-1,-4.2857143E-1,1.2E0,-1.7767441E0,-0E0,6.451613E-2,-0E0,-0E0,4.0816328E-1,-5.833333E-1,-0E0,1.2345679E-1,-0E0,-0E0,5.411765E-1],"categories":[],"categories_nodes":[],"categories_segments":[],"categories_sizes":[],"default_left":[false,true,true,false,true,true,false,false,true,false,false,true,false,false,false,true,false,false,false,false,false,false,false,false,false],"id":0,"left_children":[1,3,5,7,9,11,-1,13,15,-1,17,19,-1,-1,-1,21,-1,-1,23,-1,-1,-1,-1,-1,-1],"loss_changes":[5.561434E2,3.517344E2,1.412514E2,6.8083115E1,1.5120117E1,2.8240719E1,0E0,9.024536E0,9.677419E-2,0E0,2.7482991E0,1.511905E0,0E0,0E0,0E0,2.1186778E-1,0E0,0E0,2.1418967E0,0E0,0E0,0E0,0E0,0E0,0E0],"parents":[2147483647,0,0,1,1,2,2,3,3,4,4,5,5,7,7,8,8,10,10,11,11,15,15,18,18],"right_children":[2,4,6,8,10,12,-1,14,16,-1,18,20,-1,-1,-1,22,-1,-1,24,-1,-1,-1,-1,-1,-1],"split_conditions":[3E1,1.6807949E3,1.05E1,2.5E0,2.7995E3,1.6263049E3,-1.7836848E-1,4.22E3,2.3141501E2,1.6687898E-1,2.5E0,5E-1,1.20000005E-1,-1.7767441E-1,-0E0,1.2770901E3,-0E0,-0E0,3.16906E3,-5.8333334E-2,-0E0,1.2345679E-2,-0E0,-0E0,5.411765E-2],"split_indices":[1,3,4,1,4,3,0,4,3,0,1,6,0,0,0,4,0,0,3,0,0,0,0,0,0],"split_type":[0,0,0,0,0,0,0,0,0,0,0,0,0,0,0,0,0,0,0,0,0,0,0,0,0],"sum_hessian":[5.3175E2,2.2925E2,3.025E2,8.65E1,1.4275E2,3.075E1,2.7175E2,5.4E1,3.25E1,1.1675E2,2.6E1,1.3E1,1.775E1,5.275E1,1.25E0,2.225E1,1.025E1,2.5E0,2.35E1,1.1E1,2E0,1.925E1,3E0,3.25E0,2.025E1],"tree_param":{"num_deleted":"0","num_feature":"8","num_nodes":"25","size_leaf_vector":"0"}},{"base_weights":[-5.895956E-1,-1.257034E0,-1.1233803E-1,-1.5721908E0,6.698841E-2,5.3123087E-1,-1.09558746E-1,-0E0,7.691025E-1,-3.5219836E-1,2.836979E-1,7.931619E-1,-4.8866162E-1,-3.9069596E-1,-0E0,-0E0,4.125129E-1],"categories":[],"categories_nodes":[],"categories_segments":[],"categories_sizes":[],"default_left":[true,false,true,false,true,false,false,false,false,true,true,false,false,false,false,false,false],"id":1,"left_children":[1,-1,3,-1,5,7,9,11,-1,13,15,-1,-1,-1,-1,-1,-1],"loss_changes":[1.5476453E2,0E0,9.852347E1,0E0,2.7098248E1,1.2694746E1,1.8625372E1,1.0805761E1,0E0,3.2385902E0,2.2897682E0,0E0,0E0,0E0,0E0,0E0,0E0],"parents":[2147483647,0,0,2,2,4,4,5,5,6,6,7,7,9,9,10,10],"right_children":[2,-1,4,-1,6,8,10,12,-1,14,16,-1,-1,-1,-1,-1,-1],"split_conditions":[2.75E1,-1.257034E-1,1.2135E2,-1.5721908E-1,1.470615E3,1.78319E3,3.766655E3,3.0646E2,7.691025E-2,2.3925E3,3.85E1,7.931619E-2,-4.8866164E-2,-3.9069597E-2,-0E0,-0E0,4.125129E-2],"split_indices":[5,0,0,0,0,3,3,3,0,0,5,0,0,0,0,0,0],"split_type":[0,0,0,0,0,0,0,0,0,0,0,0,0,0,0,0,0],"sum_hessian":[5.282881E2,2.1084177E2,3.1744635E2,3.9979557E1,2.774668E2,9.14985E1,1.8596828E2,2.6907335E1,6.459116E1,1.3079857E2,5.5169716E1,8.999531E0,1.7907804E1,1.27321175E2,3.477393E0,1.6146893E1,3.9022823E1],"tree_param":{"num_deleted":"0","num_feature":"8","num_nodes":"17","size_leaf_vector":"0"}},{"base_weights":[-5.342858E-1,4.1316363E-1,-1.7432625E0,-1.544267E0,9.516138E-1,1.5994916E0,-1.850227E-1,-0E0,1.6824912E0,-0E0,-2.2430305E-1,-2.320455E-1,-0E0],"categories":[],"categories_nodes":[],"categories_segments":[],"categories_sizes":[],"default_left":[true,true,false,false,true,false,true,false,false,false,true,false,false],"id":2,"left_children":[1,3,-1,-1,5,7,9,-1,-1,-1,11,-1,-1],"loss_changes":[6.1622217E2,3.0216556E2,0E0,0E0,1.8586227E2,6.130188E0,1.2081699E0,0E0,0E0,0E0,3.7058353E-2,0E0,0E0],"parents":[2147483647,0,0,1,1,4,4,5,5,6,6,10,10],"right_children":[2,4,-1,-1,6,8,10,-1,-1,-1,12,-1,-1],"split_conditions":[5E-1,6.25E1,-1.7432626E-1,-1.5442671E-1,3E1,2.5E0,3.168E2,-0E0,1.6824912E-1,-0E0,1.25E1,-2.320455E-2,-0E0],"split_indices":[7,0,0,0,1,1,0,0,0,0,2,0,0],"split_type":[0,0,0,0,0,0,0,0,0,0,0,0,0],"sum_hessian":[5.2473566E2,2.8991907E2,2.348166E2,5.8136246E1,2.317828E2,1.5297716E2,7.880565E1,1.2651532E1,1.4032564E2,1.4903452E0,7.73153E1,7.286458E1,4.4507213E0],"tree_param":{"num_deleted":"0","num_feature":"8","num_nodes":"13","size_leaf_vector":"0"}},{"base_weights":[-4.9194327E-1,4.4643545E-1,-1.241215E0,-7.763225E-1,1.2480106E0,2.834085E-1,-1.4572651E0,-1.3324957E0,-0E0,-3.8877237E-1,1.517062E0,-1.8195415E-1,1.1439973E0,-1.3944957E0,-0E0,5.0186493E-2,-0E0,-0E0,-6.675666E-1,1.5458934E0,-0E0,-2.930093E-1,-0E0,-0E0,3.7938452E-1],"categories":[],"categories_nodes":[],"categories_segments":[],"categories_sizes":[],"default_left":[false,true,true,false,true,true,false,false,true,false,true,true,false,false,false,true,false,false,false,false,false,false,false,false,false],"id":3,"left_children":[1,3,5,7,9,11,-1,13,15,17,19,21,-1,-1,-1,23,-1,-1,-1,-1,-1,-1,-1,-1,-1],"loss_changes":[3.705959E2,2.2470076E2,1.08513214E2,4.1815914E1,7.365628E1,2.2404697E1,0E0,6.395424E0,5.7695255E-2,2.8667488E0,3.4577942E0,5.9499663E-1,0E0,0E0,0E0,1.8550667E0,0E0,0E0,0E0,0E0,0E0,0E0,0E0,0E0,0E0],"parents":[2147483647,0,0,1,1,2,2,3,3,4,4,5,5,7,7,8,8,9,9,10,10,11,11,15,15],"right_children":[2,4,6,8,10,12,-1,14,16,18,20,22,-1,-1,-1,24,-1,-1,-1,-1,-1,-1,-1,-1,-1],"split_conditions":[3E1,1.6807949E3,1.05E1,2.5E0,1.4E1,1.6263049E3,-1.4572652E-1,4.22E3,2.3141501E2,1.5205449E3,4.776E3,5.25E1,1.1439973E-1,-1.3944958E-1,-0E0,2.85E1,-0E0,-0E0,-6.675666E-2,1.5458934E-1,-0E0,-2.9300932E-2,-0E0,-0E0,3.7938453E-2],"split_indices":[1,3,4,1,5,3,0,4,3,4,4,5,0,0,0,5,0,0,0,0,0,0,0,0,0],"split_type":[0,0,0,0,0,0,0,0,0,0,0,0,0,0,0,0,0,0,0,0,0,0,0,0,0],"sum_hessian":[5.1399585E2,2.2245448E2,2.9154138E2,8.315788E1,1.392966E2,3.0402136E1,2.6113922E2,5.11169E1,3.2040977E1,1.4354975E1,1.24941635E2,1.2702103E1,1.7700031E1,4.9874424E1,1.2424791E0,2.1906904E1,1.0134074E1,3.7144117E0,1.0640563E1,1.2173463E2,3.207004E0,1.1214118E1,1.4879854E0,9.617617E0,1.2289288E1],"tree_param":{"num_deleted":"0","num_feature":"8","num_nodes":"25","size_leaf_vector":"0"}},{"base_weights":[-4.5727482E-1,4.0487728E-1,-1.1529443E0,-1.3844087E0,1.1158426E0,-5.2671295E-1,1.3349197E0,-0E0,-6.9226867E-1,-0E0,1.406254E0],"categories":[],"categories_nodes":[],"categories_segments":[],"categories_sizes":[],"default_left":[false,true,false,false,true,true,false,false,false,false,false],"id":4,"left_children":[1,3,-1,-1,5,7,9,-1,-1,-1,-1],"loss_changes":[3.0838995E2,2.7620383E2,0E0,0E0,6.6567856E1,2.279081E0,5.093231E0,0E0,0E0,0E0,0E0],"parents":[2147483647,0,0,1,1,4,4,5,5,6,6],"right_children":[2,4,-1,-1,6,8,10,-1,-1,-1,-1],"split_conditions":[3E1,1.2135E2,-1.15294434E-1,-1.3844088E-1,9.5E0,3.9234E2,2.5E0,-0E0,-6.922687E-2,-0E0,1.406254E-1],"split_indices":[1,0,0,0,5,0,1,0,0,0,0],"split_type":[0,0,0,0,0,0,0,0,0,0,0],"sum_hessian":[4.999271E2,2.1701767E2,2.8290942E2,5.7441666E1,1.59576E2,1.3242037E1,1.4633397E2,1.2417593E0,1.20002775E1,1.1992819E1,1.3434114E2],"tree_param":{"num_deleted":"0","num_feature":"8","num_nodes":"11",